<!--
<configuration>
    <appender name="STDOUT" class="ch.qos.logback.core.ConsoleAppender">
        <encoder>
            <pattern>%date %level [%thread] %logger{0} - %msg%n</pattern>
        </encoder>
    </appender>

    <root level="debug">
        <appender-ref ref="STDOUT"/>
    </root>
</configuration>
-->

<configuration>
    <appender name="FILE" class="ch.qos.logback.core.FileAppender">
        <file>logs/app.log</file> <!-- Log file path -->
        <append>true</append> <!-- Append to the log file -->
        <encoder>
            <pattern>%d{yyyy-MM-dd HH:mm:ss} [%thread] %-5level %logger{36} - %msg%n</pattern>
        </encoder>
    </appender>

    <root level="INFO">
        <appender-ref ref="FILE"/>
    </root>
</configuration>

